<?xml version="1.0" encoding="UTF-8"?>
<project-private xmlns="http://www.netbeans.org/ns/project-private/1">
    <editor-bookmarks xmlns="http://www.netbeans.org/ns/editor-bookmarks/2" lastBookmarkId="0"/>
    <open-files xmlns="http://www.netbeans.org/ns/projectui-open-files/2">
        <group>
            <file>file:/D:/Rohit%20Bhardwaj%20160953164%20CCE%20A/Lab%201/src/ecommercetrial1/util.java</file>
            <file>file:/D:/Rohit%20Bhardwaj%20160953164%20CCE%20A/Lab%201/src/ecommercetrial1/Ecommercetrial1.java</file>
            <file>file:/D:/Rohit%20Bhardwaj%20160953164%20CCE%20A/Lab%201/src/ecommercetrial1/mainpage.java</file>
            <file>file:/D:/Rohit%20Bhardwaj%20160953164%20CCE%20A/Lab%201/src/ecommercetrial1/login.java</file>
        </group>
    </open-files>
</project-private>
